﻿{
"user": {
"name": "",
"login": "",
"pass": ""
},
"action": {
"name": ""
},
"report": [
{
"name": "Ежегодный отчет по группам.Приоритет.Группа №3",
"page": [
{
"name": "Основная информация",
"table": [
{
"name": "Таблица_1",
"column": [
{
"code": "П000000000003",
"ismultiple": false,
"indicatortype": "Ф",
"linescount": 0,
"filltype": 0,
"format": "S(100)",
"widthmin": 0,
"widthmax": 0,
"required": false,
"condition": "",
"defaultvalue": "",
"presentation": "",
"visible": true,
"formula": "",
"value": ""
},
{
"code": "П000000000002",
"ismultiple": false,
"indicatortype": "С",
"linescount": 0,
"filltype": 5,
"format": "S(100)",
"widthmin": 0,
"widthmax": 0,
"required": false,
"condition": "",
"defaultvalue": "",
"presentation": "Приложение 5. Отчет о финансовом обеспечении программы развития университета в рамках реализации программы «Приоритет-2030»",
"visible": true,
"formula": "",
"value": "Приложение 5. Отчет о финансовом обеспечении программы развития университета в рамках реализации программы «Приоритет-2030»"
},
{
"code": "П000000000001",
"ismultiple": false,
"indicatortype": "С",
"linescount": 0,
"filltype": 5,
"format": "S(100)",
"widthmin": 0,
"widthmax": 0,
"required": false,
"condition": "",
"defaultvalue": "",
"presentation": "5",
"visible": true,
"formula": "",
"value": "5"
}
],
"indicator": [
{
"code": "П001010000101",
"ismultiple": false,
"indicatortype": "С",
"linescount": 0,
"filltype": 5,
"format": "S(100)",
"widthmin": 0,
"widthmax": 0,
"required": false,
"condition": "",
"defaultvalue": "",
"presentation": "",
"visible": true,
"formula": "",
"value": ""
},
{
"code": "П001010000102",
"ismultiple": false,
"indicatortype": "С",
"linescount": 0,
"filltype": 5,
"format": "S(100)",
"widthmin": 0,
"widthmax": 0,
"required": false,
"condition": "",
"defaultvalue": "",
"presentation": "",
"visible": true,
"formula": "",
"value": ""
},
{
"code": "П001010000103",
"ismultiple": false,
"indicatortype": "С",
"linescount": 0,
"filltype": 5,
"format": "S(100)",
"widthmin": 0,
"widthmax": 0,
"required": false,
"condition": "",
"defaultvalue": "",
"presentation": "",
"visible": true,
"formula": "",
"value": ""
},
{
"code": "П001010000201",
"ismultiple": false,
"indicatortype": "С",
"linescount": 0,
"filltype": 5,
"format": "S(100)",
"widthmin": 0,
"widthmax": 0,
"required": false,
"condition": "",
"defaultvalue": "",
"presentation": "Ежегодный отчет о результатах реализации программы развития в 2022 году",
"visible": true,
"formula": "",
"value": "Ежегодный отчет о результатах реализации программы развития в 2022 году"
},
{
"code": "П001010000301",
"ismultiple": false,
"indicatortype": "С",
"linescount": 0,
"filltype": 5,
"format": "S(100)",
"widthmin": 0,
"widthmax": 0,
"required": false,
"condition": "",
"defaultvalue": "",
"presentation": "",
"visible": true,
"formula": "",
"value": ""
},
{
"code": "П001010000302",
"ismultiple": false,
"indicatortype": "С",
"linescount": 0,
"filltype": 5,
"format": "S(100)",
"widthmin": 0,
"widthmax": 0,
"required": false,
"condition": "",
"defaultvalue": "",
"presentation": "",
"visible": true,
"formula": "",
"value": ""
},
{
"code": "П001010000303",
"ismultiple": false,
"indicatortype": "С",
"linescount": 0,
"filltype": 5,
"format": "S(100)",
"widthmin": 0,
"widthmax": 0,
"required": false,
"condition": "",
"defaultvalue": "",
"presentation": "",
"visible": true,
"formula": "",
"value": ""
},
{
"code": "П001010000401",
"ismultiple": false,
"indicatortype": "С",
"linescount": 0,
"filltype": 5,
"format": "S(100)",
"widthmin": 0,
"widthmax": 0,
"required": false,
"condition": "",
"defaultvalue": "",
"presentation": "№",
"visible": true,
"formula": "",
"value": "№"
},
{
"code": "П001010000402",
"ismultiple": false,
"indicatortype": "С",
"linescount": 0,
"filltype": 5,
"format": "S(100)",
"widthmin": 0,
"widthmax": 0,
"required": false,
"condition": "",
"defaultvalue": "",
"presentation": "Описание",
"visible": true,
"formula": "",
"value": "Описание"
},
{
"code": "П001010000403",
"ismultiple": false,
"indicatortype": "С",
"linescount": 0,
"filltype": 5,
"format": "S(100)",
"widthmin": 0,
"widthmax": 0,
"required": false,
"condition": "",
"defaultvalue": "",
"presentation": "Документ/Значение",
"visible": true,
"formula": "",
"value": "Документ/Значение"
},
{
"code": "П001010000501",
"ismultiple": false,
"indicatortype": "С",
"linescount": 0,
"filltype": 5,
"format": "S(100)",
"widthmin": 0,
"widthmax": 0,
"required": false,
"condition": "",
"defaultvalue": "",
"presentation": "1",
"visible": true,
"formula": "",
"value": "1"
},
{
"code": "П001010000502",
"ismultiple": false,
"indicatortype": "С",
"linescount": 0,
"filltype": 5,
"format": "S(100)",
"widthmin": 0,
"widthmax": 0,
"required": false,
"condition": "",
"defaultvalue": "",
"presentation": "Документ, подтверждающий полномочия лица, действующего от имени университета, при подписании документов, указанных в отчете",
"visible": true,
"formula": "",
"value": "Документ, подтверждающий полномочия лица, действующего от имени университета, при подписании документов, указанных в отчете"
},
{
"code": "П001010000503",
"ismultiple": false,
"indicatortype": "Ф",
"linescount": 0,
"filltype": 0,
"format": "S(100)",
"widthmin": 0,
"widthmax": 0,
"required": false,
"condition": "",
"defaultvalue": "",
"presentation": "",
"visible": true,
"formula": "",
"value": "f04722c0-ae8c-11ed-bbb5-0050560703b2"
},
{
"code": "П001010000601",
"ismultiple": false,
"indicatortype": "С",
"linescount": 0,
"filltype": 5,
"format": "S(100)",
"widthmin": 0,
"widthmax": 0,
"required": false,
"condition": "",
"defaultvalue": "",
"presentation": "2",
"visible": true,
"formula": "",
"value": "2"
},
{
"code": "П001010000602",
"ismultiple": false,
"indicatortype": "С",
"linescount": 0,
"filltype": 5,
"format": "S(100)",
"widthmin": 0,
"widthmax": 0,
"required": false,
"condition": "",
"defaultvalue": "",
"presentation": "Отчет о результатах реализации программы развития университета в рамках реализации программы стратегического академического лидерства в 2022 году  ",
"visible": true,
"formula": "",
"value": "Отчет о результатах реализации программы развития университета в рамках реализации программы стратегического академического лидерства в 2022 году  "
},
{
"code": "П001010000603",
"ismultiple": false,
"indicatortype": "Ф",
"linescount": 0,
"filltype": 0,
"format": "S(100)",
"widthmin": 0,
"widthmax": 0,
"required": false,
"condition": "",
"defaultvalue": "",
"presentation": "",
"visible": true,
"formula": "",
"value": "f0472485-ae8c-11ed-bbb5-0050560703b2"
},
{
"code": "П001010000701",
"ismultiple": false,
"indicatortype": "С",
"linescount": 0,
"filltype": 5,
"format": "S(100)",
"widthmin": 0,
"widthmax": 0,
"required": false,
"condition": "",
"defaultvalue": "",
"presentation": "3",
"visible": true,
"formula": "",
"value": "3"
},
{
"code": "П001010000702",
"ismultiple": false,
"indicatortype": "С",
"linescount": 0,
"filltype": 5,
"format": "S(100)",
"widthmin": 0,
"widthmax": 0,
"required": false,
"condition": "",
"defaultvalue": "",
"presentation": "Приложение 1. Информация о реализации проектов в рамках реализации программы развития университета",
"visible": true,
"formula": "",
"value": "Приложение 1. Информация о реализации проектов в рамках реализации программы развития университета"
},
{
"code": "П001010000703",
"ismultiple": false,
"indicatortype": "Ф",
"linescount": 0,
"filltype": 0,
"format": "S(100)",
"widthmin": 0,
"widthmax": 0,
"required": false,
"condition": "",
"defaultvalue": "",
"presentation": "",
"visible": true,
"formula": "",
"value": "f047265c-ae8c-11ed-bbb5-0050560703b2"
},
{
"code": "П001010000801",
"ismultiple": false,
"indicatortype": "С",
"linescount": 0,
"filltype": 5,
"format": "S(100)",
"widthmin": 0,
"widthmax": 0,
"required": false,
"condition": "",
"defaultvalue": "",
"presentation": "4",
"visible": true,
"formula": "",
"value": "4"
},
{
"code": "П001010000802",
"ismultiple": false,
"indicatortype": "С",
"linescount": 0,
"filltype": 5,
"format": "S(100)",
"widthmin": 0,
"widthmax": 0,
"required": false,
"condition": "",
"defaultvalue": "",
"presentation": "Приложение 2. Отчет о достижении значений показателей, необходимых для достижения результата предоставления гранта (Федеральный проект «Развитие интеграционных процессов в сфере науки, высшего образования и индустрии»)",
"visible": true,
"formula": "",
"value": "Приложение 2. Отчет о достижении значений показателей, необходимых для достижения результата предоставления гранта (Федеральный проект «Развитие интеграционных процессов в сфере науки, высшего образования и индустрии»)"
},
{
"code": "П001010000803",
"ismultiple": false,
"indicatortype": "Ф",
"linescount": 0,
"filltype": 0,
"format": "S(100)",
"widthmin": 0,
"widthmax": 0,
"required": false,
"condition": "",
"defaultvalue": "",
"presentation": "",
"visible": true,
"formula": "",
"value": "f04727a3-ae8c-11ed-bbb5-0050560703b2"
},
{
"code": "П001010000902",
"ismultiple": false,
"indicatortype": "С",
"linescount": 0,
"filltype": 5,
"format": "S(100)",
"widthmin": 0,
"widthmax": 0,
"required": false,
"condition": "",
"defaultvalue": "",
"presentation": "Приложение 3. Отчет о достижении значений показателей, необходимых для достижения результата предоставления гранта (Федеральный проект «Развитие кадрового потенциала ИТ-отрасли» национальной программы «Цифровая экономика Российской Федерации)",
"visible": true,
"formula": "",
"value": "Приложение 3. Отчет о достижении значений показателей, необходимых для достижения результата предоставления гранта (Федеральный проект «Развитие кадрового потенциала ИТ-отрасли» национальной программы «Цифровая экономика Российской Федерации)"
},
{
"code": "П001010001002",
"ismultiple": false,
"indicatortype": "С",
"linescount": 0,
"filltype": 5,
"format": "S(100)",
"widthmin": 0,
"widthmax": 0,
"required": false,
"condition": "",
"defaultvalue": "",
"presentation": "Приложение 4. Отчет о достижении значений целевых показателей эффективности реализации программ развития образовательных организаций высшего образования, получающих базовую часть гранта",
"visible": true,
"formula": "",
"value": "Приложение 4. Отчет о достижении значений целевых показателей эффективности реализации программ развития образовательных организаций высшего образования, получающих базовую часть гранта"
},
{
"code": "П001010001101",
"ismultiple": false,
"indicatortype": "С",
"linescount": 0,
"filltype": 5,
"format": "S(100)",
"widthmin": 0,
"widthmax": 0,
"required": false,
"condition": "",
"defaultvalue": "",
"presentation": "5",
"visible": true,
"formula": "",
"value": "5"
},
{
"code": "П001010001102",
"ismultiple": false,
"indicatortype": "С",
"linescount": 0,
"filltype": 5,
"format": "S(100)",
"widthmin": 0,
"widthmax": 0,
"required": false,
"condition": "",
"defaultvalue": "",
"presentation": "Приложение 5. Отчет о финансовом обеспечении программы развития университета в рамках реализации программы «Приоритет-2030»",
"visible": true,
"formula": "",
"value": "Приложение 5. Отчет о финансовом обеспечении программы развития университета в рамках реализации программы «Приоритет-2030»"
},
{
"code": "П001010001103",
"ismultiple": false,
"indicatortype": "Ф",
"linescount": 0,
"filltype": 0,
"format": "S(100)",
"widthmin": 0,
"widthmax": 0,
"required": false,
"condition": "",
"defaultvalue": "",
"presentation": "",
"visible": true,
"formula": "",
"value": "f047290e-ae8c-11ed-bbb5-0050560703b2"
}
],
"showtableheader": false
}
]
}
],
"attribute": []
}
],
"filter": []
}