﻿{
"user": {
"name": "",
"login": "",
"pass": ""
},
"action": {
"name": ""
},
"report": [
{
"name": "Отчет о внебюджетных источниках (10.02.2023) П2030",
"page": [
{
"name": "Основная информация",
"table": [
{
"name": "Таблица_1",
"column": [
{
"code": "П000000000003",
"ismultiple": false,
"indicatortype": "Ф",
"linescount": 0,
"filltype": 0,
"format": "S(100)",
"widthmin": 0,
"widthmax": 0,
"required": false,
"condition": "",
"defaultvalue": "",
"presentation": "",
"visible": true,
"formula": "",
"value": ""
},
{
"code": "П000000000002",
"ismultiple": false,
"indicatortype": "С",
"linescount": 0,
"filltype": 5,
"format": "S(100)",
"widthmin": 0,
"widthmax": 0,
"required": false,
"condition": "",
"defaultvalue": "",
"presentation": "Отчет о внебюджетных источниках",
"visible": true,
"formula": "",
"value": "Отчет о внебюджетных источниках"
},
{
"code": "П000000000001",
"ismultiple": false,
"indicatortype": "С",
"linescount": 0,
"filltype": 5,
"format": "S(100)",
"widthmin": 0,
"widthmax": 0,
"required": false,
"condition": "",
"defaultvalue": "",
"presentation": "1",
"visible": true,
"formula": "",
"value": "1"
}
],
"indicator": [
{
"code": "П001010000101",
"ismultiple": false,
"indicatortype": "С",
"linescount": 0,
"filltype": 5,
"format": "S(100)",
"widthmin": 0,
"widthmax": 0,
"required": false,
"condition": "",
"defaultvalue": "",
"presentation": "",
"visible": true,
"formula": "",
"value": ""
},
{
"code": "П001010000201",
"ismultiple": false,
"indicatortype": "С",
"linescount": 0,
"filltype": 5,
"format": "S(100)",
"widthmin": 0,
"widthmax": 0,
"required": false,
"condition": "",
"defaultvalue": "",
"presentation": "ИНН",
"visible": true,
"formula": "",
"value": "ИНН"
},
{
"code": "П001010000202",
"ismultiple": false,
"indicatortype": "С",
"linescount": 0,
"filltype": 5,
"format": "S(100)",
"widthmin": 0,
"widthmax": 0,
"required": false,
"condition": "",
"defaultvalue": "",
"presentation": "",
"visible": true,
"formula": "",
"value": "7812009592"
},
{
"code": "П001010000301",
"ismultiple": false,
"indicatortype": "С",
"linescount": 0,
"filltype": 5,
"format": "S(100)",
"widthmin": 0,
"widthmax": 0,
"required": false,
"condition": "",
"defaultvalue": "",
"presentation": "Наименование университета",
"visible": true,
"formula": "",
"value": "Наименование университета"
},
{
"code": "П001010000302",
"ismultiple": false,
"indicatortype": "С",
"linescount": 0,
"filltype": 5,
"format": "S(100)",
"widthmin": 0,
"widthmax": 0,
"required": false,
"condition": "",
"defaultvalue": "",
"presentation": "",
"visible": true,
"formula": "",
"value": "Федеральное государственное бюджетное образовательное учреждение высшего образования «Петербургский государственный университет путей сообщения Императора Александра I»"
},
{
"code": "П001010000401",
"ismultiple": false,
"indicatortype": "С",
"linescount": 0,
"filltype": 5,
"format": "S(100)",
"widthmin": 0,
"widthmax": 0,
"required": false,
"condition": "",
"defaultvalue": "",
"presentation": "",
"visible": true,
"formula": "",
"value": ""
},
{
"code": "П001010000501",
"ismultiple": false,
"indicatortype": "С",
"linescount": 0,
"filltype": 5,
"format": "S(100)",
"widthmin": 0,
"widthmax": 0,
"required": false,
"condition": "",
"defaultvalue": "",
"presentation": "№",
"visible": true,
"formula": "",
"value": "№"
},
{
"code": "П001010000502",
"ismultiple": false,
"indicatortype": "С",
"linescount": 0,
"filltype": 5,
"format": "S(100)",
"widthmin": 0,
"widthmax": 0,
"required": false,
"condition": "",
"defaultvalue": "",
"presentation": "Описание",
"visible": true,
"formula": "",
"value": "Описание"
},
{
"code": "П001010000503",
"ismultiple": false,
"indicatortype": "С",
"linescount": 0,
"filltype": 5,
"format": "S(100)",
"widthmin": 0,
"widthmax": 0,
"required": false,
"condition": "",
"defaultvalue": "",
"presentation": "Документ",
"visible": true,
"formula": "",
"value": "Документ"
},
{
"code": "П001010000601",
"ismultiple": false,
"indicatortype": "С",
"linescount": 0,
"filltype": 5,
"format": "S(100)",
"widthmin": 0,
"widthmax": 0,
"required": false,
"condition": "",
"defaultvalue": "",
"presentation": "1",
"visible": true,
"formula": "",
"value": "1"
},
{
"code": "П001010000602",
"ismultiple": false,
"indicatortype": "С",
"linescount": 0,
"filltype": 5,
"format": "S(100)",
"widthmin": 0,
"widthmax": 0,
"required": false,
"condition": "",
"defaultvalue": "",
"presentation": "Отчет о внебюджетных источниках",
"visible": true,
"formula": "",
"value": "Отчет о внебюджетных источниках"
},
{
"code": "П001010000603",
"ismultiple": false,
"indicatortype": "Ф",
"linescount": 0,
"filltype": 0,
"format": "S(100)",
"widthmin": 0,
"widthmax": 0,
"required": false,
"condition": "",
"defaultvalue": "",
"presentation": "",
"visible": true,
"formula": "",
"value": "6de88c99-ae8d-11ed-bbb5-0050560703b2"
}
],
"showtableheader": false
}
]
}
],
"attribute": []
}
],
"filter": []
}